date,name,dist_km,moving_s,elapsed_s,avg_hr,max_hr,cadence,elev,rpe,pace_min_km,pace
2025-04-13 09:57:03,5k - locked in,5.14,2375.0,2393,,,76.0,16.3,,7.701037613488976,7:42
2025-04-27 18:33:01,Likkle Sunday run,2.7,1105.0,1221,,,78.0,8.1,,6.820987654320987,6:49
2025-05-04 10:04:18,Little Sunday Morning Run,5.19,2213.0,2241,,,78.0,16.2,,7.106615285806036,7:06
2026-04-23 11:45:01,15min lunch time run,2.82,1340.0,1436,,,73.0,10.6,,7.919621749408983,7:55
2026-04-27 11:41:25,Lunch time run,2.84,1236.0,1236,,,78.0,8.4,,7.253521126760564,7:15
2026-04-30 11:50:53,Lunch time run,3.82,1826.0,1829,,,76.0,12.5,,7.966841186736475,7:58
2026-05-05 11:46:34,Getting better at running :),3.2,1399.0,1441,,,78.0,11.6,,7.286458333333333,7:17
2026-05-09 09:43:27,Saturday Morning 20min Run,2.87,1253.0,1268,,,78.0,8.4,,7.276422764227642,7:17
2026-05-18 11:43:56,Getting faster :),3.14,1315.0,1352,,,78.0,10.8,,6.979830148619958,6:59
2026-05-19 12:01:42,I cba type of run,1.36,577.0,577,,,79.0,4.2,,7.071078431372549,7:04
2026-06-01 11:41:36,Quick lap around the park,1.11,477.0,484,,,78.0,4.2,,7.162162162162161,7:10
2026-06-04 11:50:04,Lunch time run,3.1,1305.0,1305,,,,,,7.016129032258064,7:01
2026-06-08 11:26:51,Lunch Run,3.36,1386.0,1423,,,80.0,12.7,,6.875000000000001,6:53
2026-06-09 11:36:48,15min run,2.08,957.0,963,,,77.0,8.4,,7.66826923076923,7:40
2026-07-13 06:53:13,London Marathon Prep :(,5.14,2414.0,2517,,,78.0,16.8,,7.827496757457848,7:50
2026-07-19 08:55:47,Morning Run,3.68,1886.0,2427,,,,10.5,,8.541666666666666,8:32
2026-07-19 08:56:42,Little sunday morning run,3.13,1509.0,1587,,,75.0,10.7,,8.035143769968052,8:02
2026-07-23 11:52:46,Lunch time 3k,3.14,1529.0,1583,,,78.0,10.5,,8.115711252653927,8:07
2026-07-27 16:29:06,First run without music :(,2.71,1206.0,1226,,,78.0,8.4,10.0,7.416974169741698,7:25
2026-07-28 07:13:05,5M morning Run,5.12,2390.0,2413,,,79.0,16.8,6.0,7.779947916666667,7:47
2026-08-14 07:35:30,FIRST 6K RUN - SUB 3HR MARATHON?👀🫪🤣,6.11,2831.0,2852,,,79.0,21.0,,7.722313147845062,7:43
2026-08-17 12:06:27,3K lunch run,3.13,1402.0,1471,,,78.0,11.8,,7.465388711395102,7:28
2026-08-22 11:05:53,8K super slow run,8.24,4251.0,4261,,,74.0,27.4,,8.598300970873785,8:36
2026-08-25 10:32:56,4k Tempo run,4.1,1807.0,1830,,,79.0,12.6,5.0,7.345528455284554,7:21
2026-08-28 07:43:32,5K morning Run,5.1,2168.0,2215,,,81.0,16.8,5.0,7.0849673202614385,7:05
2026-09-03 10:46:27,First 10K run,10.11,5484.0,5542,,,75.0,33.6,8.0,9.040553907022751,9:02
2026-09-04 18:42:53,Evening 3K,3.13,1271.0,1304,,,81.0,10.6,3.0,6.767838125665602,6:46
2026-09-07 15:24:40,90min run,10.6,5334.0,5412,,,77.0,33.6,,8.38679245283019,8:23
2026-09-08 13:20:36,30min Recovery Run,4.16,1795.0,1821,,,79.0,12.2,,7.191506410256411,7:11
2026-09-11 16:46:31,Evening 30min run,4.48,2019.0,2039,,,78.0,14.6,,7.5111607142857135,7:31
2026-09-17 12:03:06,10x 1min interval,3.42,1528.0,1543,,,72.0,12.2,,7.446393762183235,7:27
2026-09-19 08:30:20,Queen Lizzy Park 5k,5.15,2088.0,2126,,,80.0,20.3,,6.757281553398057,6:45
2026-09-21 11:42:32,First 12K,12.0,5926.0,5926,,,,,7.0,8.230555555555556,8:14
2026-09-24 11:48:40,Lunch time run,3.6,1622.0,1683,,,77.0,12.2,,7.5092592592592595,7:31
